[
  {
    "id": "itm-101",
    "title": "Black Hoodie",
    "category": "Outerwear",
    "fit": "Adult",
    "gender": "Gender-neutral",
    "sizeType": "Letter",
    "size": "M",
    "condition": "Gently used",
    "color": "Black",
    "brand": "Champion",
    "image": "https://images.unsplash.com/photo-1520975922323-9bcd2a037b08?auto=format&fit=crop&w=800&q=60",
    "description": "Warm fleece-lined hoodie.",
    "status": "available",
    "alt": "Black hoodie, adult medium"
  },
  {
    "id": "itm-202",
    "title": "Blue Jeans",
    "category": "Bottoms",
    "fit": "Adult",
    "gender": "Women's",
    "sizeType": "Numeric",
    "size": 10,
    "condition": "New",
    "color": "Blue",
    "brand": "Levi's",
    "image": "https://images.unsplash.com/photo-1519741497674-611481863552?auto=format&fit=crop&w=800&q=60",
    "description": "Straight fit, durable denim.",
    "status": "available",
    "alt": "Blue jeans, women's size 10"
  },
  {
    "id": "itm-303",
    "title": "Kids Sneakers",
    "category": "Shoes",
    "fit": "Children",
    "gender": "Kids",
    "sizeType": "Numeric",
    "size": 3,
    "condition": "Gently used",
    "color": "White",
    "brand": "Nike",
    "image": "https://images.unsplash.com/photo-1520342868574-5fa45fa3ee22?auto=format&fit=crop&w=800&q=60",
    "description": "Comfortable everyday sneakers.",
    "status": "reserved",
    "alt": "White kids sneakers size 3"
  },
  {
    "id": "itm-404",
    "title": "Puffer Coat",
    "category": "Outerwear",
    "fit": "Adult",
    "gender": "Men's",
    "sizeType": "Letter",
    "size": "XL",
    "condition": "Gently used",
    "color": "Navy",
    "brand": "Uniqlo",
    "image": "https://images.unsplash.com/photo-1520975922323-9bcd2a037b08?auto=format&fit=crop&w=800&q=60",
    "description": "Warm, lightweight puffer.",
    "status": "available",
    "alt": "Navy puffer coat men's XL"
  }
]